Image,Headline,Body,CTA,URL
v1.jpg,Your boss wants AI in Salesforce. Here are 7 Agentforce lessons from 15+ enterprise orgs.,Learn how to implement Agentforce in your organization. Download our comprehensive guide with real-world examples from enterprise deployments.,DOWNLOAD,https://bluprintx.com/agentforce-360/
v1.jpg,Your execs want AI in Salesforce. Here are 7 Agentforce lessons from 15+ enterprise orgs.,Learn how to implement Agentforce in your organization. Download our comprehensive guide with real-world examples from enterprise deployments.,LEARN_MORE,https://bluprintx.com/agentforce-360/
v1.jpg,Your board wants AI in Salesforce. Here are 7 Agentforce lessons from 15+ enterprise orgs.,Learn how to implement Agentforce in your organization. Download our comprehensive guide with real-world examples from enterprise deployments.,DOWNLOAD,https://bluprintx.com/agentforce-360/
v1.jpg,Your boss wants AI in Salesforce. Here are 7 Agentforce lessons from 15+ enterprise orgs.,Enterprise AI that actually works. See how 15+ organizations transformed their Salesforce with Agentforce.,DOWNLOAD,https://bluprintx.com/agentforce-360/
v1.jpg,Your execs want AI in Salesforce. Here are 7 Agentforce lessons from 15+ enterprise orgs.,Enterprise AI that actually works. See how 15+ organizations transformed their Salesforce with Agentforce.,LEARN_MORE,https://bluprintx.com/agentforce-360/
v1.jpg,Your board wants AI in Salesforce. Here are 7 Agentforce lessons from 15+ enterprise orgs.,Enterprise AI that actually works. See how 15+ organizations transformed their Salesforce with Agentforce.,DOWNLOAD,https://bluprintx.com/agentforce-360/
v2.jpg,Your boss wants AI in Salesforce. Here are 7 Agentforce lessons from 15+ enterprise orgs implement Agentforce in.,Learn how to your organization. Download our comprehensive guide with real-world examples from enterprise deployments.,DOWNLOAD,https://bluprintx.com/agentforce-360/
v2.jpg,Your execs want AI in Salesforce. Here are 7 Agentforce lessons from 15+ enterprise orgs.,Learn how to implement Agentforce in your organization. Download our comprehensive guide with real-world examples from enterprise deployments.,LEARN_MORE,https://bluprintx.com/agentforce-360/
v2.jpg,Your board wants AI in Salesforce. Here are 7 Agentforce lessons from 15+ enterprise orgs.,Learn how to implement Agentforce in your organization. Download our comprehensive guide with real-world examples from enterprise deployments.,DOWNLOAD,https://bluprintx.com/agentforce-360/
v2.jpg,Your boss wants AI in Salesforce. Here are 7 Agentforce lessons from 15+ enterprise orgs.,Enterprise AI that actually works. See how 15+ organizations transformed their Salesforce with Agentforce.,DOWNLOAD,https://bluprintx.com/agentforce-360/
v2.jpg,Your execs want AI in Salesforce. Here are 7 Agentforce lessons from 15+ enterprise orgs.,Enterprise AI that actually works. See how 15+ organizations transformed their Salesforce with Agentforce.,LEARN_MORE,https://bluprintx.com/agentforce-360/
v2.jpg,Your board wants AI in Salesforce. Here are 7 Agentforce lessons from 15+ enterprise orgs.,Enterprise AI that actually works. See how 15+ organizations transformed their Salesforce with Agentforce.,DOWNLOAD,https://bluprintx.com/agentforce-360/
